id,name,fid,description,timestamp,uid
1,Sales report Q1,FD01,Vangelis Orion’s sword white dwarf cosmic ocean billions upon billions,1820297580,1
2,Sales report Q2,FD02,"Extraplanetary, Drake Equation hydrogen atoms culture? How far away. ",1651764086,2
3,Sales report Q3,FD03,"Hypatia hundreds of thousands emerged into consciousness stirred by starlight the sky calls to us, with pretty stories for which there’s little good evidence",1274300216,3
4,Sales report Q4,FD04,"Tunguska event, laws of physics bits of moving fluff hearts of the stars. ",1560269881,4
5,Costs report Q1,FD05,Realm of the galaxies stirred by starlight Cambrian explosion how far away decipherment Sea of Tranquility worldlets. ,1106740834,5
6,Costs report Q2,FD06,Dream of the mind’s eye Vangelis and billions upon billions upon billions upon billions upon billions upon billions upon billions?,1290840851,6
7,Costs report Q3,FD07,Vangelis Orion’s sword white dwarf cosmic ocean billions upon billions,1278555654,7
8,Costs report Q4,FD08,"Extraplanetary, Drake Equation hydrogen atoms culture? How far away. ",1035254771,8
9,Profit report Q1,FD09,"Hypatia hundreds of thousands emerged into consciousness stirred by starlight the sky calls to us, with pretty stories for which there’s little good evidence",1079069488,9
10,Profit report Q2,FD10,"Tunguska event, laws of physics bits of moving fluff hearts of the stars. ",1646329555,10
