id,short_text,medium_text,uri
PL01,Orion's sword kindling, The energy hidden in matter tesseract rich in heavy atoms,https://www.example.net/blow?boat=beds
PL02,Corpus callosum,angelis Orion’s sword white dwarf cosmic ocean billions upon billions,http://www.example.net/art
PL03,Cosmic ocean rings of Uranus,"Extraplanetary, Drake Equation hydrogen atoms culture? How far away. ",http://example.com/?amount=achiever
PL04,Ut enim ad minima veniam,"Hypatia hundreds of thousands emerged into consciousness stirred by starlight the sky calls to us, with pretty stories for which there’s little good evidence",https://example.org/basketball.php
PL05,How far away,"Tunguska event, laws of physics bits of moving fluff hearts of the stars. ",http://brick.example.org/
PL06,Quis autem vel eum iure,Realm of the galaxies stirred by starlight Cambrian explosion how far away decipherment Sea of Tranquility worldlets. ,https://bee.example.net/bait#bat
PL07,Reprehenderit qui in ea voluPLate,Dream of the mind’s eye Vangelis and billions upon billions upon billions upon billions upon billions upon billions upon billions?,http://www.example.com/airport#bone
PL08,Velit esse quam nihil molestiae consequatur,"Hypatia hundreds of thousands emerged into consciousness stirred by starlight the sky calls to us, with pretty stories for which there’s little good evidence",http://www.example.org/basin.html
PL09,Are creatures of the cosmos Orion's sword,"Tunguska event, laws of physics bits of moving fluff hearts of the stars. ",http://belief.example.org/boot/anger.php
PL10,Cambrian explosion,Realm of the galaxies stirred by starlight Cambrian explosion how far away decipherment Sea of Tranquility worldlets. ,http://baseball.example.com/
