id,first_name,last_name,email,ip_address,date_of_birth,name,timestamp,fid
1,Justin,Dean,jdean0@example.com,60.242.130.40,01/05/1955,jdean0,1148739510,FI01
2,Joan,Jordan,jjordan1@example.com,137.230.209.171,10/14/1958,jjordan1,1041456361,FI02
3,William,Ray,wray2@example.com,4.75.251.71,08/13/1962,wray2,1071861505,FI03
4,Jack,Collins,jcollins3@example.com,118.241.243.64,08/16/1977,jcollins3,1311694890,FI05
5,Jean,Moreno,jmoreno4@example.com,12.24.215.20,10/18/1940,jmoreno4,1293369600,FI06
6,Dennis,Mitchell,dmitchell5@example.com,185.24.131.116,08/21/1999,dmitchell5,1552072501,FI04
7,Harry,West,hwest6@example.com,101.74.110.171,10/05/1987,hwest6,1165667644,FI07
8,Rebecca,Hunt,rhunt7@example.com,253.107.6.23,04/21/1922,rhunt7,1265652781,FI08
9,Rose,Rogers,rrogers8@example.com,21.2.126.228,08/14/2005,rrogers8,1508255043,FI09
10,Juan,Walker,jwalker9@example.com,192.118.77.225,03/09/1958,jwalker9,1641320761,FI10
11,Lois,Price,lpricea@example.com,231.185.100.19,04/08/1944,lpricea,1311694890,FI09
12,Patricia,Bell,pbellb@example.com,226.2.254.94,02/26/1950,pbellb,1293369600,FI08
13,Gerald,Kelly,gkellyc@example.com,31.204.2.163,09/25/1948,gkellyc,1552072501,FI07
14,Kimberly,Jackson,kjacksond@example.com,19.187.65.116,06/21/1926,kjacksond,1165667644,FI06
15,Jason,Mason,jmasone@example.com,225.129.68.203,10/01/1950,jmasone,1265652781,FI05
